<?xml version="1.0" encoding="UTF-8"?>
<beans xmlns="http://www.springframework.org/schema/beans"
	xmlns:xsi="http://www.w3.org/2001/XMLSchema-instance" xmlns:aop="http://www.springframework.org/schema/aop"
	xmlns:tx="http://www.springframework.org/schema/tx" xmlns:jdbc="http://www.springframework.org/schema/jdbc"
	xmlns:context="http://www.springframework.org/schema/context" xmlns:task="http://www.springframework.org/schema/task"
	xmlns:util="http://www.springframework.org/schema/util"
	xsi:schemaLocation="
     http://www.springframework.org/schema/context http://www.springframework.org/schema/context/spring-context-3.0.xsd
     http://www.springframework.org/schema/beans http://www.springframework.org/schema/beans/spring-beans-3.0.xsd
     http://www.springframework.org/schema/jdbc http://www.springframework.org/schema/jdbc/spring-jdbc-3.0.xsd
     http://www.springframework.org/schema/tx http://www.springframework.org/schema/tx/spring-tx-3.0.xsd
     http://www.springframework.org/schema/aop http://www.springframework.org/schema/aop/spring-aop-3.0.xsd
     http://www.springframework.org/schema/task http://www.springframework.org/schema/task/spring-task-3.0.xsd
     http://www.springframework.org/schema/util http://www.springframework.org/schema/util/spring-util-3.1.xsd"
     default-init-method="init" default-destroy-method="close">

	<context:component-scan base-package="com.ejiag" />
	<context:annotation-config />
	<aop:aspectj-autoproxy/>
	<!-- 应用的全局配置文件 -->
    <bean id="propertyConfigurer"
        class="org.springframework.beans.factory.config.PropertyPlaceholderConfigurer">
        <property name="locations">
            <list>
            	<value>file:${project.home:.}/conf/server.properties</value>
                <value>file:${project.home:.}/conf/config.properties</value>
            </list>
        </property>
    </bean>
    <!-- 模板输出 -->
	<bean id="globalConfigure" class="com.ejiag.estar.common.configs.GlobalConfigure" init-method="init"/>

	<!-- http服务器 -->
	<bean class="com.ejiag.estar.catalina.startup.HttpServer" init-method="start" destroy-method="stop">
		<constructor-arg index="0" ref="requestDispatcher"></constructor-arg>
		<property name="host" value="${server.host}" />
		<property name="port" value="${server.port}" />
	</bean>

    <!-- 类似Nginx 的分配器 -->
	<bean id="requestDispatcher" class="com.ejiag.estar.catalina.startup.RequestDispatcher">
		<property name="mapping">
			<map>
				<entry key="/" value-ref="frontHandler" />
				<entry key="/favicon.ico" value-ref="staticHandler" />
			</map>
		</property>
	</bean>

	<!-- 动态输出 -->
	<bean id="actionHandler" class="com.ejiag.estar.catalina.handler.http.ActionHandler">
		<property name="controllers" value="${action.controllers}" />
		<property name="indexController" value="${action.index}" />
	</bean>
	<!-- 模板输出 -->
	<bean id="frontHandler" class="com.ejiag.estar.catalina.handler.http.FrontHandler">
		<property name="templateRoot" value="${server.template.root}" />
		<property name="templateSuffix" value="${server.template.suffix}" />
		<property name="logLevel" value="${server.template.logLevel}" /><!-- debug,info -->
		<property name="indexTemplate" value="${server.template.index}" />
		<property name="notFoundTemplate" value="${server.template.404}" />
		<property name="errorTemplate" value="${server.template.500}" />
		<property name="notLoginTemplate" value="${server.template.600}" />
	</bean>
	<!-- 静态文件 -->
	<bean id="staticHandler" class="com.ejiag.estar.catalina.handler.http.StaticHandler">
		<property name="rootDir" value="${server.html.root}" />
		<property name="index" value="${server.html.index}" />
		<property name="enableList" value="${server.html.list}" />
		<property name="expires" value="${server.html.expires}" />
	</bean>
</beans>
